{"expected/A": 1.6422624478272123e+21, "shotn": 390, "pressure": 0.05, "temperature": 21, "laser_energy": 0.9, "J_from_int": 6.700673066043382e-05, "measured": {"0": 155.5265159083419, "1": 119.79439883706158, "2": 1562.839560143365, "3": 191.07802948195678, "4": 85.95811025054168, "5": 39.02442229855342, "6": 52.12731560339207, "7": 57.85835363566171, "8": 56.29496202858186, "9": 137.16951840002065}, "A": {}, "measured_w/o_stray": {}}